客人CUS,款号STYLE,参阅号REF,数量QTY,全码单（拉链罗文）,全码单实际,面料预计最晚,面料实际,辅料预计最晚,辅料实际,物料到位时间,物料全实际,进仓期,进仓期实际,IHD到客人仓库,IHD实际,工厂,产品类型,订单状态
A & E,47151-AQC,,1200,2020-04-20,2020-05-20,2020-04-20,,2020-04-20,,5/10,,6/25,,2020-07-15,,苏微,毛外套,操作中
A & E,47151-NVB,,1200,2020-04-20,2020-05-30,2020-04-20,,2020-04-20,,5/10,,6/25,,2020-07-15,,苏微,毛外套,操作中
A & E,47151-NVG,,1200,2020-04-20,,2020-04-20,,2020-04-20,,5/10,,6/25,,2020-07-15,,苏微,毛外套,操作中
A & E,47151-GYY,,1200,2020-04-20,,2020-04-20,,2020-04-20,,5/10,,6/25,,2020-07-15,,苏微,毛外套,操作中
A & E,47151-AQC,,196,2020-04-20,,2020-04-20,,2020-04-20,,5/10,,6/25,,2020-07-15,,苏微,毛外套,操作中
A & E,47151-NVB,,196,2020-04-20,,2020-04-20,,2020-04-20,,5/10,,6/25,,2020-07-15,,苏微,毛外套,操作中
A & E,47151-NVG,,195,2020-04-20,,2020-04-20,,2020-04-20,,5/10,,6/25,,2020-07-15,,苏微,毛外套,操作中
A & E,47151-GYY,,196,2020-04-20,,2020-04-20,,2020-04-20,,5/10,,6/25,,2020-07-15,,苏微,毛外套,操作中
A & E,47151-PKL,,57,2020-05-20,,2020-05-20,,2020-05-20,,6/10,,7/25,,2020-08-15,,苏微,毛外套,取消
A & E,47151-AQC,,72,2020-05-20,,2020-05-20,,2020-05-20,,6/10,,7/25,,2020-08-15,,苏微,毛外套,操作中
A & E,47151-NVB,,48,2020-05-20,,2020-05-20,,2020-05-20,,6/10,,7/25,,2020-08-15,,苏微,毛外套,操作中
A & E,47151-NVC,,76,2020-05-20,,2020-05-20,,2020-05-20,,6/10,,7/25,,2020-08-15,,苏微,毛外套,取消
A & E,47151-NVG,,64,2020-05-20,,2020-05-20,,2020-05-20,,6/10,,7/25,,2020-08-15,,苏微,毛外套,操作中
A & E,47151-GYY,,96,2020-05-20,,2020-05-20,,2020-05-20,,6/10,,7/25,,2020-08-15,,苏微,毛外套,操作中
A & E,F2047138-GNO,,1150,2020-06-05,,2020-06-05,,2020-06-05,,7/3,,8/15,,2020-08-15,,苏微,毛外套,操作中
A & E,F2047149-BLG,,1198,2020-06-05,,2020-06-05,,2020-06-05,,7/3,,8/15,,2020-08-15,,苏微,毛外套,操作中
A & E,F2047149-RDH,,1398,2020-06-05,,2020-06-05,,2020-06-05,,7/3,,8/15,,2020-08-15,,苏微,毛外套,操作中
A & E,F20C47134-RDF,,1350,2020-06-05,,2020-06-05,,2020-06-05,,7/3,,8/15,,2020-08-15,,苏微,毛外套,操作中
AMEREX,D520485,FMD02485,3702,2019-11-30,,2019-12-15,,2019-12-15,,1/20,,4/13,,2020-05-07,,苏徽,化纤棉服,已出货
AMEREX,D720485,FWD02485,756,2019-11-30,,2019-12-15,,2019-12-15,,1/20,,4/13,,2020-05-07,,苏徽,化纤棉服,已出货
AMEREX,D520485-WN,FMD02485-WN,274,2019-11-30,,2019-12-15,,2019-12-15,,1/20,,5/30,,,,苏徽,化纤棉服,已出货
AMEREX,D720485-WN,FWD02485-WN,203,2019-11-30,,2019-12-15,,2019-12-15,,1/20,,5/30,,,,苏徽,化纤棉服,已出货
AMEREX,M720485-AS,FWD02485-AS,400,2020-06-30,,2020-06-30,,2020-06-30,,7/25,,8/28,,2020-10-01,,苏徽,化纤棉服,操作中
AMEREX,M720485-AS,FWD02485-AS,10,2020-06-30,,2020-06-30,,2020-06-30,,7/25,,8/28,,2020-10-01,,苏徽,化纤棉服,操作中
AMEREX,M720485-AS,FWD02485-AS,400,2020-06-30,,2020-06-30,,2020-06-30,,7/25,,8/28,,2020-10-01,,苏徽,化纤棉服,操作中
AMEREX,00205298-AV,FWD02485-AV,600,2020-06-30,,2020-06-30,,2020-06-30,,7/25,,8/28,,2020-10-01,,苏徽,化纤棉服,操作中
AMEREX,00205298-AY,FWD02485-AY,60,2020-06-30,,2020-06-30,,2020-06-30,,7/25,,8/28,,2020-10-01,,苏徽,化纤棉服,操作中
AMEREX,D520663A-KO,FMD92663A-KO,2282,2020-03-20,,2020-03-20,,2020-03-20,,4/30,,6/11,,2020-07-15,,睿盛龙,针织外套,操作中
AMEREX,D520663A-KO,FMD92663A-KO,816,2020-03-20,,2020-03-20,,2020-03-20,,4/30,,6/11,,2020-07-15,,睿盛龙,针织外套,操作中
AMEREX,D720663A-KO,FWD92663A-KO,504,2020-03-20,,2020-03-20,,2020-03-20,,4/30,,6/11,,2020-07-15,,睿盛龙,针织外套,操作中
AMEREX,D520663AP-KO,FMD92663AP-KO,2282,2020-03-20,,2020-03-20,,2020-03-20,,4/30,,6/11,,2020-07-15,,睿盛龙,针织外套,操作中
AMEREX,D520663AP-KO,FMD92663AP-KO,405,2020-03-20,,2020-03-20,,2020-03-20,,4/30,,6/11,,2020-07-15,,睿盛龙,针织外套,操作中
AMEREX,D720663AP-KO,FWD92663AP-KO,501,2020-03-20,,2020-03-20,,2020-03-20,,4/30,,6/11,,2020-07-15,,睿盛龙,针织外套,操作中
AMEREX,00205049-AV,FWD92663B-AV,600,2020-03-20,,2020-03-20,,2020-03-20,,4/30,,5/26,,2020-07-01,,睿盛龙,针织外套,操作中
AMEREX,00205049-AY,FWD92663B-AY,30,2020-03-20,,2020-03-20,,2020-03-20,,4/30,,12/1,,,,睿盛龙,针织外套,操作中
AMEREX,D520456-KO,FMD92456-KO,6000,2020-03-20,,2020-03-20,,2020-03-20,,4/30,,6/11,,2020-07-15,,凯燕,化纤棉服,操作中
AMEREX,D520456-KO,FMD92456-KO,48,2020-03-20,,2020-03-20,,2020-03-20,,4/30,,6/11,,2020-07-15,,凯燕,化纤棉服,操作中
AMEREX,D520456-KO,FMD92456-KO,906,2020-03-20,,2020-03-20,,2020-03-20,,4/30,,6/11,,2020-07-15,,凯燕,化纤棉服,操作中
AMEREX,D520456-BU,FMD92456-BU,1200,2020-03-20,,2020-03-20,,2020-03-20,,4/30,,6/25,,2020-07-30,,凯燕,化纤棉服,操作中
AMEREX,D720456-KO,FWD92456-BU,1536,2020-03-20,,2020-03-20,,2020-03-20,,4/30,,6/25,,2020-07-30,,凯燕,化纤棉服,操作中
AMEREX,D820456-KO,FPD92456-BU,1158,2020-03-20,,2020-03-20,,2020-03-20,,4/30,,6/25,,2020-07-30,,凯燕,化纤棉服,操作中
AMEREX,D520467-KO,FMD92467-KO,6048,2020-03-20,,2020-03-20,,2020-03-20,,4/30,,6/11,,2020-07-15,,睿盛龙,化纤棉服,操作中
AMEREX,D520467-KO,FMD92467-KO,1704,2020-03-20,,2020-03-20,,2020-03-20,,4/30,,6/11,,2020-07-15,,睿盛龙,化纤棉服,操作中
AMEREX,D520685-KO,FMD02685-KO,6349,2020-03-20,,2020-03-20,,2020-03-20,,4/30,,6/11,,2020-07-15,,凯燕,针织外套,操作中
AMEREX,D520685-KO,FMD02685-KO,909,2020-03-20,,2020-03-20,,2020-03-20,,4/30,,6/11,,2020-07-15,,凯燕,针织外套,操作中
AMEREX,D520685P-KO,FMD02685P-KO,16394,2020-03-20,,2020-03-20,,2020-03-20,,4/30,,6/11,,2020-07-15,,凯燕,针织外套,操作中
AMEREX,D520685P-KO,FMD02685P-KO,1998,2020-03-20,,2020-03-20,,2020-03-20,,4/30,,6/11,,2020-07-15,,凯燕,针织外套,操作中
AMEREX,D520685P-KO,FMD02685P-KO,2808,2020-03-20,,2020-03-20,,2020-03-20,,4/30,,6/11,,2020-07-15,,凯燕,针织外套,操作中
AMEREX,D720685-KO,FWD02685-KO,1194,2020-03-20,,2020-03-20,,2020-03-20,,4/30,,6/11,,2020-07-15,,凯燕,针织外套,操作中
AMEREX,D720685P-KO,FWD02685P-KO,1956,2020-03-20,,2020-03-20,,2020-03-20,,4/30,,6/11,,2020-07-15,,凯燕,针织外套,操作中
AMEREX,D720685P-KO,FWD02685P-KO,906,2020-03-20,,2020-03-20,,2020-03-20,,4/30,,6/11,,2020-07-15,,凯燕,针织外套,操作中
AMEREX,D820685-KO,FPD02685-KO,300,2020-03-20,,2020-03-20,,2020-03-20,,4/30,,6/11,,2020-07-15,,凯燕,针织外套,操作中
AMEREX,D820685P-KO,FPD02685P-KO,600,2020-03-20,,2020-03-20,,2020-03-20,,4/30,,6/11,,2020-07-15,,凯燕,针织外套,操作中
AMEREX,D520685P-BV,FMD02685P-BV,180,2020-03-20,,2020-03-20,,2020-03-20,,4/30,,6/1,,2020-07-15,,凯燕,针织外套,操作中
AMEREX,D720685P-BV,FWD02685P-BV,240,2020-03-20,,2020-03-20,,2020-03-20,,4/30,,6/1,,2020-07-15,,凯燕,针织外套,操作中
AMEREX,D520685,FMD02685,120,2020-03-20,,2020-03-20,,2020-03-20,,4/30,,6/11,,2020-07-15,,凯燕,针织外套,操作中
AMEREX,D520685P,FMD02685P,120,2020-03-20,,2020-03-20,,2020-03-20,,4/30,,6/11,,2020-07-15,,凯燕,针织外套,操作中
AMEREX,00205305-AV,FWD02685-AV,200,2020-03-20,,2020-03-20,,2020-03-20,,4/30,,6/11,,2020-07-15,,凯燕,针织外套,操作中
AMEREX,00205305-AV,FWD02685P-AV,400,2020-03-20,,2020-03-20,,2020-03-20,,4/30,,6/11,,2020-07-15,,凯燕,针织外套,操作中
AMEREX,00205305-AY,FWD02685-AY,30,2020-03-20,,2020-03-20,,2020-03-20,,4/30,,12/1,,,,凯燕,针织外套,操作中
AMEREX,00205305-AY,FWD02685P-AY,30,2020-03-20,,2020-03-20,,2020-03-20,,4/30,,12/1,,,,凯燕,针织外套,操作中
AMEREX,216063-JP,FMD02496-JP,2974,2020-03-20,,2020-03-20,,2020-03-20,,4/30,,6/25,,2020-07-30,,凯燕,化纤棉服,操作中
AMEREX,216063-JP,FMD02496-JP,2883,2020-03-20,,2020-03-20,,2020-03-20,,4/30,,6/25,,2020-07-30,,凯燕,化纤棉服,操作中
AMEREX,216063-JP,FMD02496-JP,1001,2020-03-20,,2020-03-20,,2020-03-20,,4/30,,6/25,,2020-07-30,,凯燕,化纤棉服,操作中
AMEREX,D520915DS-KO,FMD92915-KO,721,2020-03-20,,2020-03-20,,2020-03-20,,4/30,,6/25,,2020-07-30,,苏徽,针织外套,操作中
AMEREX,D720915DS-KO,FWD92915-KO,402,2020-03-20,,2020-03-20,,2020-03-20,,4/30,,6/25,,2020-07-30,,苏徽,针织外套,操作中
AMEREX,J20749X-ST,J2749-ST,1200,2020-03-20,,2020-03-20,,2020-03-20,,4/30,,6/25,,2020-07-30,,睿盛龙,针织外套,操作中
AMEREX,J20749X-ST,J2749-ST,24,2020-03-20,,2020-03-20,,2020-03-20,,4/30,,6/25,,2020-07-30,,睿盛龙,针织外套,操作中
AMEREX,J20749X-BL,J2749-BL,4738,2020-03-20,,2020-03-20,,2020-03-20,,4/30,,6/11,,2020-07-15,,睿盛龙,针织外套,操作中
AMEREX,J20749X-BL,J2749-BL,892,2020-03-20,,2020-03-20,,2020-03-20,,4/30,,6/11,,2020-07-15,,睿盛龙,针织外套,操作中
AMEREX,J20949X-BL,J2749W-BL,1506,2020-03-20,,2020-03-20,,2020-03-20,,4/30,,6/25,,2020-07-30,,睿盛龙,针织外套,操作中
AMEREX,J20949X-BL,J2749W-BL,452,2020-03-20,,2020-03-20,,2020-03-20,,4/30,,6/25,,2020-07-30,,睿盛龙,针织外套,操作中
AMEREX,217168-JP,FMD92678-JP,4624,2020-03-20,,2020-03-20,,2020-03-20,,4/20,,6/11,,2020-07-15,,凯燕,针织外套,操作中
AMEREX,217168-JP,FMD92678-JP,6371,2020-03-20,,2020-03-20,,2020-03-20,,4/20,,6/11,,2020-07-15,,凯燕,针织外套,操作中
AMEREX,217168-JP,FMD92678-JP,1501,2020-03-20,,2020-03-20,,2020-03-20,,4/20,,6/11,,2020-07-15,,凯燕,针织外套,操作中
AMEREX,217168W-JP,FWD92678-JP,1393,2020-03-20,,2020-03-20,,2020-03-20,,4/20,,6/11,,2020-07-15,,凯燕,针织外套,操作中
AMEREX,217168W-JP,FWD92678-JP,658,2020-03-20,,2020-03-20,,2020-03-20,,4/20,,6/11,,2020-07-15,,凯燕,针织外套,操作中
AMEREX,217168W-JP,FWD92678-JP,700,2020-03-20,,2020-03-20,,2020-03-20,,4/20,,6/11,,2020-07-15,,凯燕,针织外套,操作中
AMEREX,217168-JP,FMD92678P-JP,4620,2020-03-20,,2020-03-20,,2020-03-20,,4/20,,6/11,,2020-07-15,,凯燕,针织外套,操作中
AMEREX,217168-JP,FMD92678P-JP,4540,2020-03-20,,2020-03-20,,2020-03-20,,4/20,,6/11,,2020-07-15,,凯燕,针织外套,操作中
AMEREX,217168-JP,FMD92678P-JP,6100,2020-03-20,,2020-03-20,,2020-03-20,,4/20,,6/11,,2020-07-15,,凯燕,针织外套,操作中
AMEREX,217168-JP,FMD92678P-JP,4231,2020-03-20,,2020-03-20,,2020-03-20,,4/20,,6/11,,2020-07-15,,凯燕,针织外套,操作中
AMEREX,217168-JP,FMD92678P-JP,1200,2020-03-20,,2020-03-20,,2020-03-20,,4/20,,6/11,,2020-07-15,,凯燕,针织外套,操作中
AMEREX,217168-JP,FMD92678P-JP,1001,2020-03-20,,2020-03-20,,2020-03-20,,4/20,,6/11,,2020-07-15,,凯燕,针织外套,操作中
AMEREX,217168W-JP,FWD92678P-JP,1402,2020-03-20,,2020-03-20,,2020-03-20,,4/20,,6/11,,2020-07-15,,凯燕,针织外套,操作中
AMEREX,217168W-JP,FWD92678P-JP,1402,2020-03-20,,2020-03-20,,2020-03-20,,4/20,,6/11,,2020-07-15,,凯燕,针织外套,操作中
AMEREX,217168W-JP,FWD92678P-JP,541,2020-03-20,,2020-03-20,,2020-03-20,,4/20,,6/11,,2020-07-15,,凯燕,针织外套,操作中
AMEREX,217168W-JP,FWD92678P-JP,541,2020-03-20,,2020-03-20,,2020-03-20,,4/20,,6/11,,2020-07-15,,凯燕,针织外套,操作中
AMEREX,217168W-JP,FWD92678P-JP,500,2020-03-20,,2020-03-20,,2020-03-20,,4/20,,6/11,,2020-07-15,,凯燕,针织外套,操作中
AMEREX,217168W-JP,FWD92678P-JP,600,2020-03-20,,2020-03-20,,2020-03-20,,4/20,,6/11,,2020-07-15,,凯燕,针织外套,操作中
AMEREX,A370870SG-QV,FMD92664PSG-QV,2365,2020-03-20,,2020-03-20,,2020-03-20,,5/10,,6/25,,2020-07-30,,凯燕,针织外套,操作中
AMEREX,A370870SG-QV,FWD92664PSG-QV,1011,2020-03-20,,2020-03-20,,2020-03-20,,5/10,,6/25,,2020-07-30,,凯燕,针织外套,操作中
AMEREX,A370870SG-QV,FMD92664PSG-QV,1730,2020-03-20,,2020-03-20,,2020-03-20,,5/10,,6/25,,2020-07-30,,凯燕,针织外套,操作中
AMEREX,A370870SG-QV,FWD92664PSG-QV,744,2020-03-20,,2020-03-20,,2020-03-20,,5/10,,6/25,,2020-07-30,,凯燕,针织外套,操作中
AVALON,W0092A01OD,,168,2020-02-28,,2020-02-28,,2020-02-28,,2/28,,5/12,,FOB单,,蕊思,梭织裙,已出货
AVALON,W0092A01OD,,67,2020-02-28,,2020-02-28,,2020-02-28,,2/28,,5/12,,FOB单,,蕊思,梭织裙,已出货
AVALON,W0092A01OD,,65,2020-02-28,,2020-02-28,,2020-02-28,,2/28,,5/12,,FOB单,,蕊思,梭织裙,已出货
AVALON,W0094A01OD,,80,2020-02-28,,2020-02-28,,2020-02-28,,2/28,,5/12,,FOB单,,蕊思,梭织裙,已出货
AVALON,57785C0001,,311,2020-01-10,,2020-01-05,,2020-01-05,,2/10,,6/7,,2020-07-01,,苏徽,梭织外套,已出货
AVALON,57785D0001,大码,116,2020-01-10,,2020-01-05,,2020-01-05,,2/10,,6/7,,2020-07-01,,苏徽,梭织外套,已出货
AVALON,120096C01,,146,2020-01-10,,2020-01-05,,2020-02-01,,2/20,,6/7,,2020-07-01,,苏徽,梭织裙,已出货
AVALON,120096D01,大码,54,2020-01-10,,2020-01-05,,2020-02-01,,2/20,,6/7,,2020-07-01,,苏徽,梭织裙,已出货
AVALON,GL439108BG,30934,900,2020-02-25,,2020-02-25,,2020-02-25,,3/30,,6/8,,2020-06-30,,华阳,毛外套,已出货
AVALON,GL439108BG,30934,60,2020-02-25,,2020-02-25,,2020-02-25,,3/30,,6/8,,2020-06-30,,华阳,毛外套,已出货
AVALON,GL439108BG,30934,500,2020-02-25,,2020-02-25,,2020-02-25,,3/30,,6/8,,2020-06-30,,华阳,毛外套,已出货
AVALON,57826A0001OD,,504,2020-03-25,,2020-03-15,,2020-03-25,,4/10,,7/12,,2020-08-05,,苏徽,仿皮外套,操作中
AVALON,57826A0001OD,,36,2020-03-25,,2020-03-15,,2020-03-25,,4/10,,7/12,,2020-08-05,,苏徽,仿皮外套,操作中
AVALON,57826A0001OD,,120,2020-03-25,,2020-03-15,,2020-03-25,,4/10,,7/12,,2020-08-05,,苏徽,仿皮外套,操作中
AVALON,57826A0001OD,,7,2020-03-25,,2020-03-15,,2020-03-25,,4/10,,7/12,,2020-08-05,,苏徽,仿皮外套,操作中
AVALON,57928A0001,,1000,2020-03-25,,2020-03-15,,2020-03-25,,4/10,,5/15,,2020-06-10,,蕊思,仿皮外套,已出货
AVALON,57928A0001,,100,2020-03-25,,2020-03-15,,2020-03-25,,4/10,,5/15,,2020-06-10,,蕊思,仿皮外套,已出货
AVALON,57928A0001,,1500,2020-03-25,,2020-03-15,,2020-03-25,,4/10,,5/15,,2020-06-10,,蕊思,仿皮外套,已出货
AVALON,57928A0001,,6,2020-03-25,,2020-03-15,,2020-03-25,,4/10,,5/15,,2020-06-10,,蕊思,仿皮外套,已出货
AVALON,W0183A01OD,,100,2020-05-05,,2020-04-30,,2020-05-10,,5/30,,6/29,,FOB单,,,毛外套,操作中
AVALON,W0179A01OD,,80,2020-05-05,,2020-04-30,,2020-05-10,,5/30,,6/29,,FOB单,,,,操作中
AVALON,W0182A01OD,,60,2020-05-05,,2020-04-30,,2020-05-10,,5/30,,6/29,,FOB单,,,,操作中
AVALON,W0185A01OD,,144,2020-06-05,,2020-06-30,,2020-06-10,,6/30,,7/29,,FOB单,,,,操作中
AVALON,W0185A01OD,,141,2020-06-05,,2020-06-30,,2020-06-10,,6/30,,7/29,,FOB单,,,,操作中
AVALON,W0185A01OD,,65,2020-06-05,,2020-06-30,,2020-06-10,,6/30,,7/29,,FOB单,,,,操作中
AVALON,W0177A01OD,,100,2020-06-05,,2020-06-30,,2020-06-10,,6/30,,7/29,,FOB单,,,,操作中
AVALON,W0184A01OD,,145,2020-06-05,,2020-06-30,,2020-06-10,,6/30,,7/29,,FOB单,,,,操作中
AVALON,W0184A01OD,,140,2020-06-05,,2020-06-30,,2020-06-10,,6/30,,7/29,,FOB单,,,,操作中
AVALON,W0184A01OD,,65,2020-06-05,,2020-06-30,,2020-06-10,,6/30,,7/29,,FOB单,,,,操作中
AVALON,W0203A01OD,,77,2020-06-05,,2020-06-30,,2020-06-10,,6/30,,7/29,,FOB单,,,,操作中
AVALON,W0203A01OD,,76,2020-06-05,,2020-06-30,,2020-06-10,,6/30,,7/29,,FOB单,,,,操作中
AVALON,W0203A01OD,,73,2020-06-05,,2020-06-30,,2020-06-10,,6/30,,7/29,,FOB单,,,,操作中
AVALON,W0203A01OD,,74,2020-06-05,,2020-06-30,,2020-06-10,,6/30,,7/29,,FOB单,,,,操作中
AVALON,W0202A01OD,,120,2020-06-05,,2020-06-30,,2020-06-10,,6/30,,7/29,,FOB单,,,,操作中
AVALON,W0186A01OD,,78,2020-06-05,,2020-06-30,,2020-06-10,,6/30,,7/29,,FOB单,,,,操作中
AVALON,W0186A01OD,,76,2020-06-05,,2020-06-30,,2020-06-10,,6/30,,7/29,,FOB单,,,,操作中
AVALON,W0186A01OD,,73,2020-06-05,,2020-06-30,,2020-06-10,,6/30,,7/29,,FOB单,,,,操作中
AVALON,W0186A01OD,,73,2020-06-05,,2020-06-30,,2020-06-10,,6/30,,7/29,,FOB单,,,,操作中
AVALON,W0189A01OD,,120,2020-06-05,,2020-06-30,,2020-06-10,,6/30,,7/29,,FOB单,,,,操作中
AVALON,W0189A02OD,,67,2020-06-05,,2020-06-30,,2020-06-10,,6/30,,7/29,,FOB单,,,,操作中
AVALON,W0189A02OD,,63,2020-06-05,,2020-06-30,,2020-06-10,,6/30,,7/29,,FOB单,,,,操作中
AVALON,W0187A02OD,,80,2020-06-05,,2020-06-30,,2020-06-10,,6/30,,7/29,,FOB单,,,,操作中
AVALON,W0187A01OD,,120,2020-06-05,,2020-06-30,,2020-06-10,,6/30,,7/29,,FOB单,,,,操作中
AVALON,W0205A01OD,,69,2020-06-05,,2020-06-30,,2020-06-10,,6/30,,7/29,,FOB单,,,,操作中
AVALON,W0205A01OD,,66,2020-06-05,,2020-06-30,,2020-06-10,,6/30,,7/29,,FOB单,,,,操作中
AVALON,W0205A01OD,,65,2020-06-05,,2020-06-30,,2020-06-10,,6/30,,7/29,,FOB单,,,,操作中
AVALON,W0206A01OD,,69,2020-06-05,,2020-06-30,,2020-06-10,,6/30,,7/29,,FOB单,,,,操作中
AVALON,W0206A01OD,,66,2020-06-05,,2020-06-30,,2020-06-10,,6/30,,7/29,,FOB单,,,,操作中
AVALON,W0206A01OD,,65,2020-06-05,,2020-06-30,,2020-06-10,,6/30,,7/29,,FOB单,,,,操作中
AVALON,W0249A02,,100,2020-06-05,,2020-06-30,,2020-06-10,,6/30,,7/29,,FOB单,,,,操作中
AVALON,W0207A01OD,,69,2020-06-05,,2020-06-30,,2020-06-10,,6/30,,7/29,,FOB单,,,,操作中
AVALON,W0207A01OD,,66,2020-06-05,,2020-06-30,,2020-06-10,,6/30,,7/29,,FOB单,,,,操作中
AVALON,W0207A01OD,,65,2020-06-05,,2020-06-30,,2020-06-10,,6/30,,7/29,,FOB单,,,,操作中
AVALON,W0175A01OD,,200,2020-06-05,,2020-06-30,,2020-06-10,,6/30,,7/29,,FOB单,,,,操作中
AVALON,W0223A01OD,,100,2020-07-05,,2020-06-30,,2020-06-25,,7/15,,8/12,,FOB单,,,,操作中
AVALON,W0176A01OD,,80,2020-07-05,,2020-06-30,,2020-06-25,,7/15,,8/12,,FOB单,,,,操作中
AVALON,W0188A01OD,,77,2020-07-05,,2020-06-30,,2020-06-25,,7/15,,8/12,,FOB单,,,,操作中
AVALON,W0188A01OD,,73,2020-07-05,,2020-06-30,,2020-06-25,,7/15,,8/12,,FOB单,,,,操作中
AVALON,W0178A01OD,,100,2020-07-05,,2020-06-30,,2020-06-25,,7/15,,8/12,,FOB单,,,,操作中
AVALON,57922A0001OD,,27732,2020-04-30,,2020-04-30,,2020-04-30,,5/18,,6/20,,2020-07-20,,,,操作中
AVALON,57922A0001OD,,1830,2020-04-30,,2020-04-30,,2020-04-30,,5/18,,6/20,,2020-07-13,,,,操作中
AVALON,57922A0001OD,,4500,2020-04-30,,2020-04-30,,2020-04-30,,5/18,,6/20,,2020-07-20,,,,操作中
AVALON,57922A0001OD,,9000,2020-04-30,,2020-04-30,,2020-04-30,,5/18,,7/10,,2020-08-05,,,,操作中
AVALON,57922B0001OD,,1624,2020-05-15,,2020-04-30,,2020-04-30,,5/18,,6/20,,2020-07-20,,,,操作中
AVALON,57922B0001OD,,138,2020-05-15,,2020-04-30,,2020-04-30,,5/18,,6/20,,2020-07-13,,,,操作中
AVALON,57922A0001,,20004,2020-05-30,,2020-05-30,,2020-05-30,,6/10,,7/10,,2020-08-05,,,,操作中
AVALON,51800A0001,,1286,2020-05-20,,2020-05-20,,2020-05-20,,6/10,,7/17,,2020-08-12,,,,操作中
AVALON,51800A0001,,60,2020-05-20,,2020-05-20,,2020-05-20,,6/10,,7/17,,2020-08-12,,,,操作中
AVALON,57807C0001,,1700,2020-05-30,,2020-05-30,,2020-05-30,,6/20,,7/24,,2020-08-18,,,,操作中
AVALON,57793C0001,,2375,2020-05-30,,2020-05-30,,2020-05-30,,6/20,,7/24,,2020-08-18,,,,操作中
AVALON,57915A0001OD,NB40100018688,5213,2020-06-30,,2020-06-30,,2020-06-30,,7/20,,9/2,,2020-09-30,,,,操作中
AVALON,57915A0002OD,NB40100018688,3107,2020-06-30,,2020-06-30,,2020-06-30,,7/20,,9/2,,2020-09-30,,,,操作中
AVALON,57915A0003OD,NB40100018688,2002,2020-06-30,,2020-06-30,,2020-06-30,,7/20,,9/2,,2020-09-30,,,,操作中
AVALON,57915A0004OD,NB40100018688,5213,2020-06-30,,2020-06-30,,2020-06-30,,7/20,,9/2,,2020-09-30,,,,操作中
AVALON,57961A0002,,11067,2020-06-20,,2020-06-20,,2020-06-20,,7/6,,8/14,,2020-09-09,,,,操作中
AVALON,57962A0002,,4419,2020-06-20,,2020-06-20,,2020-06-20,,7/6,,8/14,,2020-09-09,,,,操作中
AVALON,57944A0001,蓝格,25295,2020-06-30,,2020-06-30,,2020-06-30,,7/20,,8/29,,2020-09-23,,,,操作中
AVALON,57944A0002,红格,21716,2020-06-30,,2020-06-30,,2020-06-30,,7/20,,8/29,,2020-09-23,,,,操作中
AVALON,57966A0001,仿皮复合,7723,2020-06-30,,2020-06-30,,2020-06-30,,7/15,,8/29,,2020-09-23,,,,操作中
AVALON,57966A0002,麂皮复合,8124,2020-06-30,,2020-06-30,,2020-06-30,,7/15,,8/29,,2020-09-23,,,,操作中
AVALON,57966B0001,仿皮复合,100,2020-06-30,,2020-06-30,,2020-06-30,,7/15,,8/29,,2020-09-23,,,,操作中
AVALON,57966B0002,麂皮复合,100,2020-06-30,,2020-06-30,,2020-06-30,,7/15,,8/29,,2020-09-23,,,,取消
AVALON,57973A0001,,680,2020-06-30,,2020-06-30,,2020-06-30,,7/15,,8/10,,2020-09-02,,,,操作中
AVALON,57973A0001,,60,2020-06-30,,2020-06-30,,2020-06-30,,7/15,,8/10,,2020-09-02,,,,操作中
AVALON,57973A0001,,60,2020-06-30,,2020-06-30,,2020-06-30,,7/15,,8/10,,2020-09-02,,,,操作中
AVALON,57974A0001,,668,2020-06-30,,2020-06-30,,2020-06-30,,7/15,,8/10,,2020-09-02,,,,操作中
AVALON,57974A0001,,70,2020-06-30,,2020-06-30,,2020-06-30,,7/15,,8/10,,2020-09-02,,,,操作中
AVALON,57974A0001,,60,2020-06-30,,2020-06-30,,2020-06-30,,7/15,,8/10,,2020-09-02,,,,操作中
BERNARDO,  20368C500,,1110,,,2020-03-28,,2020-04-05,,4/30,,5/18,,2020-06-10,,格麻丝,毛外套,操作中
BERNARDO,20579C505,,1135,2020-04-05,,2020-03-15,,2020-04-05,,5/10,,6/13,,2020-07-05,,华阳,仿皮外套,操作中
BERNARDO,567508,,10968,2020-03-15,,2020-03-08,,2020-03-08,,4/30,,6/7,,2020-06-30,,华阳,仿皮外套,操作中
HMK,U521121BNR,91121LB,2354,2019-12-28,,2019-12-12,,2020-02-01,,2/28,,4/20,,,,苏徽,毛外套,已出货
HMK,U521121BNR,91121LB,6900,2019-12-28,,2019-12-12,,2019-12-05,,1/9,,4/20,,,,苏徽,毛外套,已出货
HMK,U521121BNR,91121LB,10524,2019-12-28,,2019-12-12,,2019-12-05,,1/9,,4/20,,,,苏徽,毛外套,已出货
HMK,U521121BNR,91121LB,6972,2019-12-28,,2019-12-12,,2019-12-05,,3/20,,6/15,,,,苏徽,毛外套,已出货
HMK,U521121BNR,91121LB,800,2019-12-28,,2019-12-12,,2020-02-01,,2/28,,4/20,,,,苏徽,毛外套,已出货
HMK,U520774BNR,90774LB,1058,2019-12-20,,2019-12-22,,2019-12-05,,1/15,,4/20,,,,雪奈利,毛外套,已出货
HMK,U520774BNR,90774LB,4609,2019-12-20,,2019-12-12,,2019-12-05,,1/15,,4/20,,,,雪奈利,毛外套,已出货
HMK,U520774BNR,90774LB,3472,2019-12-20,,2020-02-25,,2020-02-25,,3/15,,5/30,,,,雪奈利,毛外套,已出货
HMK,U520774B74,90774LB,20,2020-12-20,,2020-02-25,,2020-02-25,,3/15,,6/30,,,,雪奈利,毛外套,已出货
HMK,U520774B74,90774LB,100,2020-12-20,,2020-02-25,,2020-02-25,,3/15,,6/30,,,,雪奈利,毛外套,已出货
HMK,U520774B74,90774LB,390,2020-12-20,,2020-02-25,,2020-02-25,,3/15,,6/30,,,,雪奈利,毛外套,已出货
HMK,U520774B,90774B,192,2020-12-20,,2019-12-12,,2020-02-01,,2/28,,4/20,,,,雪奈利,牛仔外套,已出货
HMK,U521089BNR,91089LB,1690,2019-12-25,,2019-12-22,,2019-12-05,,1/15,,4/20,,,,雪奈利,毛外套,已出货
HMK,U521089BNR,91089LB,7898,2019-12-25,,2019-12-12,,2019-12-05,,1/15,,4/20,,,,雪奈利,毛外套,已出货
HMK,U521089BNR,91089LB,3472,2019-12-25,,2020-03-05,,2020-03-05,,3/15,,6/15,,,,雪奈利,毛外套,已出货
HMK,U521089BNR,91089LB,400,2019-12-25,,2020-03-01,,2020-03-01,,4/5,,5/30,,,,雪奈利,毛外套,已出货
HMK,U521070B47,91070LB,2394,2020-03-01,,2020-03-01,,2020-03-01,,4/5,,5/30,,,,苏徽,毛外套,取消
HMK,U521070B,91070LB,750,2020-03-01,,2020-03-10,,2020-03-10,,4/5,,6/15,,,,苏徽,毛外套,取消
HMK,U521070B,91070LB,444,2020-03-10,,2020-03-15,,2020-03-15,,4/10,,5/30,,,,苏徽,毛外套,取消
HMK,U421115B47,91115LB,2848,2020-03-15,,2020-03-15,,2020-03-15,,4/30,,6/15,,,,格麻丝,毛外套,操作中
HMK,U421115B47,91115LB,350,2020-03-15,,2020-03-15,,2020-03-15,,4/30,,6/15,,,,格麻丝,毛外套,操作中
HMK,U421115B,91115LB,240,2020-03-15,,2020-03-15,,2020-03-15,,4/30,,6/15,,,,格麻丝,毛外套,操作中
HMK,U421115B,91115LB,700,2020-03-15,,2020-03-15,,2020-03-15,,4/30,,6/30,,,,格麻丝,毛外套,操作中
HMK,U421115B,91115B,300,2020-03-15,,2020-03-01,,2020-03-01,,4/30,,6/15,,,,格麻丝,毛外套,操作中
HMK,U421015B47,91015LB,3498,2020-03-01,,2020-03-01,,2020-03-01,,4/15,,5/30,,,,格麻丝,毛外套,已出货
HMK,U421015B,91015LB,750,2020-03-01,,2020-03-01,,2020-03-01,,4/15,,5/30,,,,格麻丝,毛外套,已出货
HMK,U521105B47,91105LB,1800,2020-03-01,,2020-03-10,,2020-03-10,,4/1,,6/15,,,,苏徽,毛外套,取消
HMK,U521105B,91105LB,364,2020-03-10,,2020-03-25,,2020-03-25,,4/20,,6/30,,,,苏徽,毛外套,取消
HMK,U521172B47,91172LB,2796,2020-03-25,,2020-03-25,,2020-03-25,,4/20,,6/30,,,,苏徽,毛外套,取消
HMK,U521172B,91172LB,1000,2020-03-25,,2020-03-25,,2020-03-25,,4/20,,5/30,,,,苏徽,毛外套,取消
HMK,U521086B74,91086LB,130,2020-03-25,,2020-03-25,,2020-03-25,,4/20,,5/30,,,,苏徽,毛外套,已出货
HMK,U521086B74,91086LB,750,2020-03-25,,2020-03-25,,2020-03-25,,4/20,,5/30,,,,苏徽,毛外套,已出货
HMK,U521086B,91086LB,800,2020-03-25,,2020-03-15,,2020-03-15,,4/10,,6/15,,,,苏徽,毛外套,取消
HMK,MG520823B,50823MKG,240,2020-03-15,,2020-03-10,,2020-03-10,,4/20,,5/30,,,,苏徽,毛外套,操作中
HMK,MG520823BTK,50823MKG,660,2020-03-10,,2020-03-10,,2020-03-10,,4/20,,6/15,,,,苏徽,毛外套,操作中
HMK,MG510823BTK,50823MKG,420,2020-03-10,,2020-03-10,,2020-03-10,,4/20,,6/15,,,,苏徽,毛外套,操作中
HMK,MG570823BTK,50823MKG,120,2020-03-10,,2020-03-10,,2020-03-10,,4/20,,6/15,,,,苏徽,毛外套,操作中
HMK,MG520823B,50823MKG,102,2020-03-10,,2020-03-10,,2020-03-10,,4/20,,6/15,,,,苏徽,毛外套,操作中
HMK,MG520823B83,50823MKG,96,2020-03-10,,2020-03-10,,2020-03-10,,4/20,,5/30,,,,苏徽,毛外套,操作中
HMK,MG510823B83,50823MKG,96,2020-03-10,,2020-03-10,,2020-03-10,,4/20,,5/30,,,,苏徽,毛外套,操作中
HMK,MG590055BTK,60055MKG,480,2020-03-10,,2020-03-10,,2020-03-10,,4/30,,6/15,,,,雪奈利,毛外套,操作中
HMK,MG590055B74,60055MKG,330,2020-03-10,,2020-03-10,,2020-03-10,,4/30,,5/30,,,,雪奈利,毛外套,操作中
HMK,MG590055B74,60055MKG,300,2020-03-10,,2020-03-10,,2020-03-10,,4/30,,5/30,,,,雪奈利,毛外套,操作中
HMK,MG590055BTS,60055MKG,120,2020-03-10,,2020-03-25,,2020-03-25,,4/30,,6/30,,,,雪奈利,毛外套,操作中
HMK,U521065B47,91065LB,996,2020-03-25,,2020-03-25,,2020-03-25,,4/25,,6/30,,,,雪奈利,毛外套,取消
HMK,U521065B,91065LB,48,2020-03-25,,2020-04-20,,2020-04-20,,5/20,,6/30,,,,雪奈利,毛外套,取消
I,JK-JR-1319,JK-JR-000102,11900,2019-12-31,,2019-12-16,,2019-01-03,,12/31,,4/23,,2020-05-30,,杰达,牛仔外套,操作中
I,JK-JR-1319,JK-JR-000102,600,2019-12-31,,2019-12-16,,2019-01-03,,12/31,,4/23,,2020-05-30,,杰达,牛仔外套,操作中
I,JK-JR-1319,JK-JR-000102,12500,2019-12-31,,2019-12-16,,2019-01-03,,12/31,,5/23,,2020-06-30,,杰达,牛仔外套,操作中
I,JK-JR-1318,JK-JR-000098,10000,2019-12-31,,2019-12-16,,2020-01-03,,12/31,,4/23,,2020-05-30,,杰达,牛仔外套,操作中
I,JK-JR-1318,JK-JR-000098,10000,2020-03-05,,2020-02-17,,2020-02-17,,3/5,,5/23,,2020-06-30,,杰达,牛仔外套,操作中
I,JK-JR-1204,JK-JR-000098,5000,2020-01-17,,2019-12-16,,2020-01-15,,2/10,,5/7,,2020-06-15,,杰达,牛仔外套,操作中
I,JK-JR-1204,JK-JR-000098,5000,2020-01-17,,2019-12-16,,2020-01-15,,2/10,,5/23,,2020-06-30,,杰达,牛仔外套,操作中
I,JK-JR-1144,JK-JR-1144,5000,2020-03-05,,2019-12-16,,2020-02-14,,2/13,,4/23,,2020-06-05,,杰达,牛仔外套,操作中
I,JK-JR-1144,JK-JR-1144,5000,2020-03-05,,2019-12-16,,2020-02-14,,2/13,,5/23,,2020-06-30,,杰达,牛仔外套,操作中
I,JK-JR-1144,JK-JR-1144,10000,2020-03-05,,2019-12-16,,2020-02-14,,2/13,,6/23,,2020-07-15,,杰达,牛仔外套,操作中
I,JK-JR-1150,JK-JR-1150,3800,2020-03-05,,2019-12-16,,2020-02-10,,3/5,,5/8,,2020-06-15,,杰达,牛仔外套,操作中
I,JK-JR-1150,JK-JR-1150,3800,2020-03-05,,2019-12-16,,2020-02-10,,3/5,,6/8,,2020-06-30,,杰达,牛仔外套,操作中
I,JK-JR-1615,JK-JR-1150,1200,2020-03-05,,2019-12-16,,2020-02-10,,3/5,,5/8,,2020-06-15,,杰达,牛仔外套,操作中
I,JK-JR-1211,JK-JR-1211,4800,2020-03-25,,2020-02-28,,2020-03-15,,4/20,,6/23,,2020-07-15,,苏薇,仿皮外套,操作中
I,JK-JR-1206,JK-JR-1206,7200,2020-03-15,,2020-02-28,,2020-03-15,,4/20,,6/23,,2020-07-15,,杰达,仿皮外套,操作中
I,JK-JX-1319,JK-JR-000102,1200,2020-03-20,,2019-12-16,,2020-02-20,,3/15,,5/8,,2020-06-15,,杰达,牛仔外套,操作中
I,JK-JX-1319,JK-JR-000102,480,2020-03-20,,2019-12-16,,2020-02-20,,3/15,,5/8,,2020-06-15,,杰达,牛仔外套,操作中
I,13562-PU,13562-PU,1200,2020-03-25,,2020-03-15,,2020-03-20,,4/20,,5/23,,2020-06-15,,苏薇,毛外套,操作中
I,JK-JR-0527,JK-JR-0527,3300,2020-05-05,,2020-05-15,,2020-05-15,,7/5,,8/7,,2020-08-30,,联权,毛外套,操作中
I,JK-JR-0527,JK-JR-0527,2502,2020-05-05,,2020-05-15,,2020-05-15,,7/5,,8/7,,2020-08-30,,联权,毛外套,操作中
I,JK-JR-0527,JK-JR-0527,504,2020-05-05,,2020-05-15,,2020-05-15,,7/5,,8/7,,2020-08-30,,联权,毛外套,操作中
I,JK-JR-1553,JK-JR-1553,4560,2020-05-05,,2020-05-15,,2020-05-15,,7/5,,8/7,,2020-08-30,,联权,毛外套,操作中
I,JK-JR-0398-SZ,JK-JR-0398,1026,2020-03-20,,2020-02-28,,2020-03-15,,5/5,,6/3,,2020-06-25,,苏微,梭织外套,操作中
I,JK-JR-0398-SZ,JK-JR-0398,180,2020-03-20,,2020-02-28,,2020-03-15,,5/5,,6/3,,2020-06-25,,苏徽,梭织外套,操作中
I,JK-JR-1317,JK-JR-1317,1200,2020-04-10,,2020-03-15,,2020-03-25,,4/25,,7/23,,2020-08-15,,杰达,仿皮外套,操作中
I,JK-JR-1317,JK-JR-1317,3600,2020-04-10,,2020-03-15,,2020-03-25,,4/25,,8/23,,2020-09-15,,杰达,仿皮外套,操作中
I,JK-JR-1318-AP,JK-JR-00098,800,2020-04-28,,2020-03-23,,2020-03-25,,5/5,,6/8,,2020-06-30,,美罗涵,牛仔外套,操作中
I,JK-JR-000098-AD,JK-JR-00098,848,2020-04-28,,2020-03-23,,2020-03-25,,5/15,,6/23,,2020-07-10,,美罗涵,牛仔外套,操作中
I,JK-JR-000098-AD,JK-JR-00098,56,2020-04-28,,2020-03-23,,2020-03-25,,5/15,,6/23,,2020-07-10,,美罗涵,牛仔外套,操作中
I,JK-JR-1229,JK-JR-1229,1100,2020-06-10,,2020-05-25,,2020-05-30,,6/25,,7/23,,2020-08-15,,琴杍墨,化纤棉服,操作中
I,JK-JR-1229,JK-JR-1229,1100,2020-06-10,,2020-05-25,,2020-05-30,,6/25,,7/23,,2020-08-15,,,化纤棉服,操作中
I,JK-JR-0604-DG,JK-JR-0604,720,2020-06-10,,2020-05-25,,2020-05-30,,6/20,,7/23,,2020-08-15,,联权,毛外套,操作中
I,JK-JR-1270-T,JK-JR-1270-T,2560,2020-06-25,,2020-06-25,,2020-05-30,,6/10,,7/23,,2020-08-15,,杰达,混纺外套,操作中
I,JK-JR-1270-T,JK-JR-1270-T,306,2020-06-25,,2020-06-25,,2020-05-30,,6/10,,7/23,,2020-08-15,,,混纺外套,操作中
I,JK-JR-000177,JK-JR-000177,600,2020-06-20,,2020-06-20,,2020-06-15,,6/20,,8/7,,2020-08-30,,沙车博雅,化纤棉服,操作中
I,JK-JR-000177,JK-JR-000177,1100,2020-06-20,,2020-06-20,,2020-06-15,,6/20,,8/23,,2020-09-15,,,化纤棉服,操作中
I,JK-JR-000177,JK-JR-000177,1650,2020-06-20,,2020-06-20,,2020-06-15,,6/20,,9/13,,2020-10-05,,,化纤棉服,操作中
I,JK-JX-000177,JK-JX-000177,60,2020-06-20,,2020-06-20,,2020-06-15,,6/20,,8/7,,2020-08-30,,沙车博雅,化纤棉服,操作中
I,JK-JX-000177,JK-JX-000177,105,2020-06-20,,2020-06-20,,2020-06-15,,6/20,,8/23,,2020-09-15,,,化纤棉服,操作中
I,JK-JX-000177,JK-JX-000177,240,2020-06-20,,2020-06-20,,2020-06-15,,6/20,,9/13,,2020-10-05,,,化纤棉服,操作中
I,13562PU,13562PU,1200,2020-06-20,,2020-06-20,,2020-06-15,,6/20,,8/7,,2020-08-30,,沙车博雅,PU外套,操作中
I,13562PU,13562PU,1405,2020-06-20,,2020-06-20,,2020-06-15,,6/20,,8/23,,2020-09-15,,,PU外套,操作中
I,13562PU,13562PU,2905,2020-06-20,,2020-06-20,,2020-06-15,,6/20,,9/13,,2020-10-05,,,PU外套,操作中
I,JX13562-PU,13562PU,175,2020-06-20,,2020-06-20,,2020-06-15,,6/20,,8/7,,2020-08-30,,沙车博雅,PU外套,操作中
I,JX13562-PU,13562PU,205,2020-06-20,,2020-06-20,,2020-06-15,,6/20,,8/23,,2020-09-15,,,PU外套,操作中
I,JX13562-PU,13562PU,420,2020-06-20,,2020-06-20,,2020-06-15,,6/20,,9/13,,2020-10-05,,,PU外套,操作中
I,JKJR000350FN,JK-JR-0350,605,2020-06-20,,2020-06-20,,2020-06-15,,6/20,,8/8,,2020-08-30,,沙车博雅,灯芯绒外套,操作中
I,JKJR000350FN,JK-JR-0350,600,2020-06-20,,2020-06-20,,2020-06-15,,6/20,,8/8,,2020-08-30,,,灯芯绒外套,操作中
I,JKJR000350FN,JK-JR-0350,1130,2020-06-20,,2020-06-20,,2020-06-15,,6/20,,8/8,,2020-08-30,,,灯芯绒外套,操作中
I,JKJR000350FN,JK-JR-0350,1720,2020-06-20,,2020-06-20,,2020-06-15,,6/20,,9/8,,2020-09-30,,,灯芯绒外套,操作中
I,JKJR000350FN,JK-JR-0350,2255,2020-06-20,,2020-06-20,,2020-06-15,,6/20,,9/8,,2020-09-30,,,灯芯绒外套,操作中
I,JKJR000350FN,JK-JR-0350,700,2020-06-20,,2020-06-15,,2020-06-20,,7/15,,9/23,,2020-10-15,,,灯芯绒外套,操作中
I,JKJR000350FN,JK-JR-0350,770,2020-06-20,,2020-06-15,,2020-06-20,,7/15,,9/23,,2020-10-15,,,灯芯绒外套,操作中
I,JKJR000350FN,JK-JR-0350,910,2020-06-20,,2020-06-15,,2020-06-20,,7/15,,9/23,,2020-10-15,,,灯芯绒外套,操作中
I,JK-JX-0350,JK-JR-0350,50,2020-06-20,,2020-06-20,,2020-06-15,,6/20,,8/8,,2020-08-30,,沙车博雅,灯芯绒外套,操作中
I,JK-JX-0350,JK-JR-0350,85,2020-06-20,,2020-06-20,,2020-06-15,,6/20,,8/8,,2020-08-30,,,灯芯绒外套,操作中
I,JK-JX-0350,JK-JR-0350,200,2020-06-20,,2020-06-20,,2020-06-15,,6/20,,8/8,,2020-08-30,,,灯芯绒外套,操作中
I,JK-JX-0350,JK-JR-0350,260,2020-06-20,,2020-06-20,,2020-06-15,,6/20,,8/8,,2020-09-30,,,灯芯绒外套,操作中
I,JK-JX-0350,JK-JR-0350,280,2020-06-20,,2020-06-20,,2020-06-15,,6/20,,9/8,,2020-09-30,,,灯芯绒外套,操作中
I,JK-JX-0350,JK-JR-0350,190,2020-06-20,,2020-06-15,,2020-06-20,,7/15,,9/23,,2020-10-15,,,灯芯绒外套,操作中
I,JK-JX-0350,JK-JR-0350,130,2020-06-20,,2020-06-15,,2020-06-20,,7/15,,9/23,,2020-10-15,,,灯芯绒外套,操作中
I,JK-JX-0350,JK-JR-0350,280,2020-06-20,,2020-06-15,,2020-06-20,,7/15,,9/23,,2020-10-15,,,灯芯绒外套,操作中
I,JK-JR-1849-T,JK-JR-1553,7795,2020-07-17,,2020-07-15,,2020-07-18,,7/30,,8/25,,2020-09-15,,,兔毛外套,操作中
I,JK-JR-1849-T,JK-JR-1553,1939,2020-07-17,,2020-07-15,,2020-07-18,,7/30,,8/25,,2020-09-15,,,兔毛外套,操作中
Initial,PFN2018P,DK19058D,720,2020-06-07,,2020-06-07,,2020-06-07,,6/22,,7/12,,2020-08-10,,旭悦,化纤棉服,操作中
Initial,PFN1003P,DNJ262(REF#19121),720,2020-06-07,,2020-06-07,,2020-06-07,,6/22,,7/9,,2020-08-10,,旭悦,化纤棉服,操作中
Initial,PFN1003P,DNJ262(REF#19121),695,2020-06-07,,2020-06-07,,2020-06-07,,6/22,,9/1,,2020-10-03,,旭悦,化纤棉服,操作中
Initial,PFN1003P,DNJ262(REF#19121),200,2020-06-07,,2020-06-07,,2020-06-07,,6/22,,9/1,,2020-10-03,,旭悦,化纤棉服,操作中
Initial,PFN1003P,DNJ262(REF#19121),1710,2020-06-07,,2020-06-07,,2020-06-07,,6/22,,9/28,,2020-11-03,,旭悦,化纤棉服,操作中
Initial,PFN1003P,DNJ262(REF#19121),490,2020-06-07,,2020-06-07,,2020-06-07,,6/22,,9/28,,2020-11-03,,旭悦,化纤棉服,操作中
Initial,PFN1013P,J181204-3,2400,2020-06-25,,2020-06-25,,2020-06-25,,7/20,,9/2,,2020-10-05,,美罗涵,化纤棉服,操作中
Initial,PFN2021P,LJ111P-2,1200,2020-06-25,,2020-06-25,,2020-06-25,,7/20,,9/2,,2020-10-05,,苏徽,毛外套,操作中
Initial,PFN2021P,LJ111P-2,1200,2020-06-25,,2020-06-25,,2020-06-25,,7/20,,9/30,,2020-11-05,,苏徽,毛外套,操作中
Initial,PFN2024F,AW20012,600,2020-06-25,,2020-06-25,,2020-06-25,,7/20,,9/2,,2020-10-05,,杰达,毛外套,操作中
Initial,PFN2024F,AW20012,360,2020-06-25,,2020-06-25,,2020-06-25,,7/20,,9/2,,2020-10-05,,杰达,毛外套,操作中
Initial,PFN2024F,AW20012,600,2020-06-25,,2020-06-25,,2020-06-25,,7/20,,9/30,,2020-11-02,,杰达,毛外套,操作中
Initial,PFN2027P,AW20029,960,2020-06-25,,2020-06-25,,2020-06-25,,7/20,,9/2,,2020-10-05,,旭悦,化纤棉服,操作中
Initial,PFN2027P,AW20029,960,2020-06-25,,2020-06-25,,2020-06-25,,7/20,,9/30,,2020-11-02,,旭悦,化纤棉服,操作中
Initial,PFN2026P,AW20030,1410,2020-06-25,,2020-06-25,,2020-06-25,,7/20,,9/2,,2020-10-05,,美罗涵,化纤棉服,操作中
Initial,PFN2026P,AW20030,1410,2020-06-25,,2020-06-25,,2020-06-25,,7/20,,9/30,,2020-11-02,,美罗涵,化纤棉服,操作中
Initial,PFN2020P,AW20032,960,2020-06-25,,2020-06-25,,2020-06-25,,7/20,,9/2,,2020-10-05,,旭悦,化纤外套,操作中
Initial,PFN2020P,AW20032,960,2020-06-25,,2020-06-25,,2020-06-25,,7/20,,9/30,,2020-11-05,,旭悦,化纤外套,操作中
Initial,PFN1001P,DV18-Y195,1320,2020-06-25,,2020-06-25,,2020-06-25,,7/20,,9/2,,2020-10-05,,旭悦,化纤棉服,操作中
Initial,PFN1001P,DV18-Y195,1320,2020-06-25,,2020-06-25,,2020-06-25,,7/20,,9/30,,2020-11-02,,旭悦,化纤棉服,操作中
JCS,6186,B-862,4446,2020-01-01,,2020-01-01,,2020-01-01,,1/1,,1/1,,,,杰达,化纤外套,已出货
JCS,6187,B-863,5688,2020-01-01,,2020-01-01,,2020-01-01,,1/1,,1/1,,,,苏徽,化纤外套,已出货
JCS,6531,B-842B,4095,2020-03-10,,2020-01-21,,2020-01-21,,3/5,,6/1,,,,美罗涵,牛仔外套,取消
JCS,6244,B-785,7152,2020-03-10,,2020-01-31,,2020-01-31,,3/8,,6/1,, ,,和谐,毛呢外套,已出货
JCS,4408,M-785,2646,2020-03-10,,2020-01-31,,2020-01-31,,3/8,,6/1,,,,和谐,毛呢外套,已出货
JCS,6245,B-805,6216,2020-03-10,,2020-01-31,,2020-01-31,,3/8,,6/1,,,,凯燕,毛呢外套,已出货
JCS,4409,M-805,2646,2020-03-10,,2020-01-31,,2020-01-31,,3/8,,6/1,,,,凯燕,毛呢外套,已出货
JCS,6246,B-952,7440,2020-03-10,,2020-01-31,,2020-01-31,,3/8,,6/1,,,,凯燕,毛呢外套,已出货
JCS,4410,M-952,2646,2020-03-10,,2020-01-31,,2020-01-31,,3/8,,6/1,,,,凯燕,毛呢外套,已出货
JCS,6247,B-956,7152,2020-03-10,,2020-01-31,,2020-01-31,,3/8,,6/1,,,,和谐,毛呢外套,已出货
JCS,4411,M-956,2646,2020-03-10,,2020-01-31,,2020-01-31,,3/8,,6/1,,,,和谐,毛呢外套,已出货
JCS,7107,B-778B,6924,2020-03-10,,2020-01-31,,2020-01-31,,3/5,,6/1,,,,杰达,化纤棉服,已出货
JCS,,B-778B,1326,2020-03-10,,2020-01-31,,2020-01-31,,3/5,,6/1,,,,杰达,化纤棉服,操作中
JCS,4917,M-778B,2400,2020-03-10,,2020-01-31,,2020-01-31,,3/5,,6/1,,,,杰达,化纤棉服,已出货
JCS,7111,B-972,4956,2020-03-10,,2020-01-31,,2020-01-31,,3/5,,6/1,,,,杰达,化纤棉服,已出货
JCS,4918,M-972,1860,2020-03-10,,2020-01-31,,2020-01-31,,3/5,,6/1,,,,杰达,化纤棉服,已出货
JCS,7106,B-906,6408,2020-03-10,,2020-01-31,,2020-01-31,,3/5,,6/1,,,,杰达,化纤棉服,已出货
JCS,,B-906,6246,2020-03-10,,2020-01-31,,2020-01-31,,3/5,,6/1,,,,杰达,化纤棉服,操作中
JCS,4919,M-906,1200,2020-03-10,,2020-01-31,,2020-01-31,,3/5,,6/1,,,,杰达,化纤棉服,已出货
JCS,6515,B-929,3420,2020-03-10,,2020-01-31,,2020-01-31,,3/8,,6/1,,,,睿盛龙,梭织外套,已出货
JCS,4507,M-929,2070,2020-03-10,,2020-01-31,,2020-01-31,,3/8,,6/1,,,,睿盛龙,梭织外套,已出货
JCS,6516,B-953,6672,2020-03-10,,2020-01-31,,2020-01-31,,3/8,,6/1,,,,睿盛龙,梭织外套,已出货
JCS,4508,M-953,2070,2020-03-10,,2020-01-31,,2020-01-31,,3/8,,6/1,,,,睿盛龙,梭织外套,已出货
JCS,6517,B-954,3078,2020-03-10,,2020-01-31,,2020-01-31,,3/8,,6/1,,,,睿盛龙,梭织外套,已出货
JCS,4509,M-954,2070,2020-03-10,,2020-01-31,,2020-01-31,,3/8,,6/1,,,,睿盛龙,梭织外套,已出货
JCS,6229,B-639,10866,2020-03-10,,2020-03-15,,2020-03-15,,4/10,,7/13,,,,凯燕？,毛呢外套,操作中
JCS,4820,M-639,3276,2020-03-10,,2020-03-15,,2020-03-15,,4/10,,7/13,,,,凯燕？,毛呢外套,操作中
JCS,6229,B-639,1404,2020-03-10,,2020-03-15,,2020-03-15,,4/10,,7/13,,,,凯燕？,毛呢外套,操作中
JCS,4820,M-639,756,2020-03-10,,2020-03-15,,2020-03-15,,4/10,,7/13,,,,凯燕？,毛呢外套,操作中
JCS,6518,B-833C,3336,2020-03-10,,2020-03-15,,2020-03-15,,4/10,,6/15,,,,美罗涵,牛仔外套,已出货
JCS,6531,B-842B,5136,2020-03-10,,2020-03-15,,2020-03-15,,4/10,,6/15,,,,美罗涵,牛仔外套,已出货
JCS,6532,B-676C,3468,2020-03-10,,2020-03-15,,2020-03-15,,4/10,,6/15,,,,旭悦,牛仔外套,已出货
JCS,9265,R-10397,1800,2020-03-10,,2020-02-25,,2020-02-25,,3/22,,4/20,,,,旭悦,仿皮外套,已出货
JCS,5155,R-10603K,4802,2020-03-10,,2020-03-15,,2020-03-15,,4/10,,6/20,,,,旭悦,毛呢外套,操作中
JCS,5999,R-10390K,2098,2020-03-10,,2020-03-20,,2020-03-20,,4/20,,6/20,,,,苏徽,复合夹克,操作中
JCS,7108,B-913,5212,2020-03-10,,2020-03-15,,2020-03-20,,4/20,,7/20,,,,凯燕,化纤棉服,操作中
JCS,4915,M-913,2046,2020-03-10,,2020-03-15,,2020-03-20,,4/20,,7/20,,,,凯燕,化纤棉服,操作中
JCS,7109,B-917,23238,2020-03-10,,2020-03-15,,2020-03-20,,4/20,,7/20,,,,凯燕,化纤棉服,操作中
JCS,4916,M-917,2580,2020-03-10,,2020-03-15,,2020-03-20,,4/20,,7/20,,,,凯燕,化纤棉服,操作中
JCS,7122,B-967,10500,2020-03-25,,2020-03-15,,2020-03-25,,4/20,,7/20,,,,凯燕,化纤棉服,操作中
JCS,6533,B-973,3780,2020-04-20,,2020-04-25,,2020-04-25,,6/10,,7/20,,,,旭悦,棉服马甲,操作中
KW,GB3657TKR,,1265,2020-04-05,,2020-04-10,,2020-03-10,,4/30,,7/13,,2020-08-12,,苏徽,毛呢外套,操作中
KW,GB3658BYP-取消毛领,,1265,2020-04-05,,2020-03-20,,2020-03-10,,4/20,,7/13,,2020-08-12,,蕊思,毛呢外套,操作中
KW,GB3654BSA,,474,2020-04-05,,2020-03-20,,2020-03-10,,5/10,,8/1,,2020-09-02,,蕊思,复合夹克,操作中
KW,GB3620SLD/GB3620FS/GB3620LF,,2536,2020-04-10,,2020-04-10,,2020-03-25,,5/15,,8/1,,2020-09-02,,苏徽,毛外套,操作中
KW,GB3666MYT/GB3666NMR,,948,2020-04-10,,2020-04-05,,2020-03-25,,4/30,,8/1,,2020-09-02,,苏徽,化纤外套,操作中
KW,CJ5179QN,,3449,2020-03-20,,2020-03-10,,2020-03-05,,4/10,,8/1,,2020-09-02,,博亚,化纤外套,操作中
KW,CJ5209WLS,,1860,2020-04-05,,2020-03-20,,2020-03-05,,4/20,,7/13,,2020-08-12,,博亚,毛呢外套,操作中
KW,GG3306SLD,,1632,2020-04-20,,2020-03-20,,2020-03-20,,5/15,,7/13,,2020-08-12,,杰达,毛外套,操作中
KW,GG3324BKE,,1657,2020-04-20,,2020-03-20,,2020-03-20,,5/15,,7/13,,2020-08-12,,旭悦,牛仔外套,操作中
KW,CK5223NYL/CX5223NYL,,3327,2020-04-20,,2020-04-15,,2020-03-20,,5/10,,7/21,,2020-08-19,,苏徽,化纤外套,操作中
KW,CK5224NYL,,6972,2020-04-20,,2020-04-15,,2020-03-20,,5/5,,6/23,,2020-07-22,,苏徽,化纤外套,已出货
KW,CK5220NYL/CX5220NYL,,7006,2020-04-20,,2020-04-15,,2020-03-20,,5/5,,7/21,,2020-08-19,,博亚,化纤外套,操作中
KW,CK5159NYL1A,,2313,2020-04-10,,2020-04-10,,2020-03-20,,4/30,,7/21,,2020-08-19,,博亚,化纤外套,操作中
KW,CK5151ERM1A/CX5151ERM1A,,1208,2020-04-10,,2020-04-10,,2020-03-20,,4/30,,7/21,,2020-08-19,,蕊思,毛外套,操作中
KW,CJ5213,,1561,2020-04-20,,2020-04-15,,2020-03-25,,5/15,,7/13,,2020-08-12,,苏徽,化纤外套,操作中
KW,CX5240NYL,,7422,2020-04-20,,2020-04-15,,2020-03-25,,5/15,,6/23,,2020-07-22,,苏徽,化纤外套,已出货
KW,CJ5089FXM1,,1413,2020-05-20,,2020-05-10,,2020-04-30,,6/12,,7/12,,2020-08-19,,东龙,棉服马甲,操作中
KW,W6357U0BK,,43478,2020-04-30,,2020-04-30,,2020-04-30,,5/18,,7/1,,2020-07-28,,苏徽,梭织裙,操作中
KW,VY3133SHA,,8446,2020-06-10,,2020-06-10,,2020-06-10,,6/25,,7/27,,2020-08-26,,苏徽,毛外套,操作中
KW,VY3125WO,,1450,2020-06-10,,2020-06-10,,2020-06-10,,7/8,,7/27,,2020-08-26,,苏徽,化纤外套,操作中
KW,VY3147NL,,700,2020-06-18,,2020-06-15,,2020-06-18,,7/8,,7/27,,2020-08-26,,苏徽,梭织外套,操作中
KW,GG3330,,2097,2020-06-15,,2020-06-10,,2020-06-10,,7/5,,8/1,,2020-08-31,,旭悦,牛仔外套,操作中
KW,JQW3255OWF,,89903,2020-06-15,,2020-06-15,,2020-06-15,,7/5,,8/24,,2020-09-22,,雪奈莉,毛外套,操作中
KW,JQPW3255OW,,306,2020-06-15,,2020-06-15,,2020-06-15,,7/5,,8/24,,2020-09-22,,雪奈莉,毛外套,操作中
KW,JQW3421OWH,,2658,2020-06-15,,2020-06-15,,2020-06-15,,7/30,,8/24,,2020-09-22,,雪奈莉,毛外套,操作中
KW,GX6553HVP,,2152,2020-06-15,,2020-06-15,,2020-06-15,,7/10,,8/9,,2020-09-07,,苏徽,毛呢裙,操作中
KW,GG6553HVP,,2125,2020-06-15,,2020-06-15,,2020-06-15,,7/10,,8/9,,2020-09-07,,苏徽,毛呢裙,操作中
KW,GX8962HVP,,2152,2020-06-15,,2020-06-15,,2020-06-15,,7/10,,8/9,,2020-09-07,,苏徽,毛呢裙,操作中
KW,GG8962HVP,,2125,2020-06-15,,2020-06-15,,2020-06-15,,7/10,,8/9,,2020-09-07,,苏徽,毛呢裙,操作中
KW,GB6544HVP,,1316,2020-07-15,,2020-06-22,,2020-06-22,,7/23,,8/9,,2020-09-09,,苏徽,毛呢裙,操作中
KW,GB7656HVP,,506,2020-07-15,,2020-06-22,,2020-06-22,,7/23,,8/9,,2020-09-09,,苏徽,毛呢裙,操作中
KW,GG3323CLO,,2166,2020-07-10,,2020-07-10,,2020-07-10,,7/30,,8/31,,2020-09-30,,苏徽,毛呢裙,操作中
KW,GG3317CWG,,2166,2020-07-10,,2020-07-10,,2020-07-10,,7/30,,8/31,,2020-09-30,,苏徽,毛外套,操作中
KW,GX3317CWG,,2125,2020-07-10,,2020-07-10,,2020-07-10,,7/30,,8/31,,2020-09-30,,苏徽,毛外套,操作中
KW,CJ5234NCSA/SB/SC,,4569,2020-07-05,,2020-07-05,,2020-07-05,,7/20,,8/23,,2020-09-23,,,化纤外套,操作中
KW,TB6357J7X2 / RKB6357J7X2,,1296,2020-07-10,,2020-07-10,,2020-07-10,,7/28,,8/16,,2020-09-15,,,仿皮裙子,操作中
KW,TB6473U01E / RKB6473U01E,,1188,2020-07-10,,2020-07-10,,2020-07-10,,7/28,,8/16,,2020-09-15,,,仿皮裙子,操作中
KW,TB6490U01E / RKB6490U01E,,1440,2020-07-10,,2020-07-10,,2020-07-10,,7/28,,8/16,,2020-09-15,,,仿皮裙子,操作中
L,KG8-951212,/,5400,2020-03-10,,2020-02-15,,2020-02-15,,3/25,,5/25,,,,旭悦,假毛外套,操作中
LF,7H522955B31,32955LFH,260,2020-04-20,,2020-04-20,,2020-04-20,,5/20,,6/30,,,,,毛外套,取消
LF,H522955B,32955LFH,200,2020-04-20,,2020-04-20,,2020-04-20,,5/20,,6/30,,,,,毛外套,取消
LF,H522955B91,32955LFH,100,2020-04-20,,2020-04-20,,2020-04-20,,5/20,,6/30,,,,,毛外套,取消
O,101-1313VS,,357,,,,,,,6/10,,7/20,,2020-08-20,,蕊思,牛仔外套,操作中
O,101-1313VS,,264,,,,,,,6/10,,7/20,,2020-08-20,,蕊思,牛仔外套,操作中
O,101-1313VS,,128,,,,,,,6/10,,7/20,,2020-08-20,,蕊思,牛仔外套,操作中
O,101-1313VSI,,13,,,,,,,6/10,,7/20,,2020-08-20,,蕊思,牛仔外套,操作中
O,141-740VS,,574,,,,,,,6/5,,7/20,,2020-08-20,,蕊思,牛仔外套,操作中
O,141-740VS,,594,,,,,,,6/5,,7/20,,2020-08-20,,蕊思,牛仔外套,操作中
O,141-740VS,,774,,,,,,,6/5,,7/20,,2020-08-20,,蕊思,牛仔外套,操作中
O,141-740VS,,288,,,,,,,6/5,,7/20,,2020-08-20,,蕊思,牛仔外套,操作中
O,141-740VSI,,90,,,,,,,6/5,,7/20,,2020-08-20,,蕊思,牛仔外套,操作中
O,141-740VSI,,62,,,,,,,6/5,,7/20,,2020-08-20,,蕊思,牛仔外套,操作中
O,141-740DL,,3858,,,,,,,6/5,,7/20,,2020-08-20,,蕊思,牛仔外套,操作中
O,223-846VS,,164,,,,,,,5/30,,8/10,,2020-09-10,,东龙,牛仔外套,操作中
O,223-846VS,,183,,,,,,,5/30,,8/10,,2020-09-10,,东龙,牛仔外套,操作中
O,223-846VSI,,13,,,,,,,5/30,,8/10,,2020-09-10,,东龙,牛仔外套,操作中
O,385-1424,,804,,,,,,,6/15,,8/10,,2020-09-10,,东龙,牛仔外套,操作中
O,385-1424VS,,186,,,,,,,6/15,,8/10,,2020-09-10,,东龙,牛仔外套,操作中
O,385-1424VS,,312,,,,,,,6/15,,8/10,,2020-09-10,,东龙,牛仔外套,操作中
O,385-1424VS,,117,,,,,,,6/15,,8/10,,2020-09-10,,东龙,牛仔外套,操作中
O,385-1424VSI,,17,,,,,,,6/15,,8/10,,2020-09-10,,东龙,牛仔外套,操作中
O,141-1513,,666,,,,,,,6/15,,7/10,,2020-08-10,,凯燕,牛仔外套,操作中
O,141-1513DL,,534,,,,,,,6/15,,7/10,,2020-08-10,,凯燕,牛仔外套,操作中
O,141-1315DL,,2424,,,,,,,6/15,,7/10,,2020-08-10,,旭悦,牛仔外套,操作中
O,506-1311,,510,,,,,,,6/15,,7/31,,2020-08-30,,凯燕,牛仔外套,操作中
O,506-1311DL,,2604,,,,,,,6/15,,8/10,,2020-09-10,,凯燕,牛仔外套,操作中
O,5061311FN,,720,,,,,,,6/15,,8/5,,2020-09-05,,凯燕,牛仔外套,操作中
O,5061311FNXL,,300,,,,,,,6/15,,8/5,,2020-09-05,,凯燕,牛仔外套,操作中
O,103-1956ME,,4913,,,,,,,4/10,,7/5,,2020-07-30,,凯燕,牛仔外套,操作中
O,103-1956ME,,4664,,,,,,,4/10,,7/29,,2020-09-30,,凯燕,牛仔外套,操作中
O,103-1956MEI,,4580,,,,,,,4/10,,6/15,,2020-07-10,,凯燕,牛仔外套,操作中
O,103-1956MEI,,10,,,,,,,4/10,,,,2020-06-30,,凯燕,牛仔外套,操作中
O,585-1350ME,,1789,,,,,,,6/10,,7/5,,2020-07-30,,凯燕,牛仔外套,操作中
O,585-1350MEI,,470,,,,,,,6/10,,6/30,,2020-07-24,,凯燕,牛仔外套,操作中
O,585-1350MEXLI,,270,,,,,,,6/10,,6/30,,2020-07-24,,凯燕,牛仔外套,操作中
O,585-1350,,600,,,,,,,6/10,,7/20,,2020-08-15,,凯燕,牛仔外套,操作中
O,585-1350DG,,660,,,,,,,6/10,,7/20,,2020-09-10,,凯燕,牛仔外套,操作中
O,037-1142,,1500,,,,,,,6/5,,7/20,,2020-08-20,,,牛仔外套,操作中
O,0371142FN,,900,,,,,,,6/5,,7/20,,2020-08-20,,,牛仔外套,操作中
O,0371142FNXL,,480,,,,,,,6/15,,7/20,,2020-08-20,,,梭织外套,操作中
PENIPRIDE(UK),HTJKT1010,,300,2020-01-10,,2020-01-14,,2020-01-14,,3/25,,6/10,,,,紫依,梭织外套,操作中
PENIPRIDE(UK),HTJKT1016,,300,,,2020-01-14,,2020-01-14,,4/2,,6/10,,,,紫依,仿皮外套,操作中
Q4,J1JS136H,,4008,,,2019-02-20,,,,3/15,,7/25,,2020-08-25,,苏徽,毛外套,操作中
Q4,JTBS274H,,1440,,,2019-12-20,,2019-12-20,,2/13,,7/25,,2020-08-25,,蕊思,毛外套,操作中
Q4,JIBS274H,,2160,,,2019-12-20,,2019-12-20,,2/13,,7/25,,2020-08-25,,蕊思,毛外套,操作中
Q4,JTBS277H,,1440,,,2019-12-20,,2019-12-20,,2/13,,7/25,,2020-08-25,,苏徽,毛外套,操作中
Q4,JIBS277H,,2160,,,2019-12-20,,2019-12-20,,2/13,,7/25,,2020-08-25,,苏徽,毛外套,操作中
Q4,J4A1300H,,840,,,2019-03-01,,2019-03-08,,3/18,,7/25,,2020-08-25,,苏徽,毛外套,操作中
Q4,J1A1300H,,1560,,,2019-03-01,,2019-03-08,,3/18,,7/25,,2020-08-25,,苏徽,毛外套,操作中
Q4,OLJS0351H,,600,,,2019-12-20,,2019-12-20,,2/13,,7/25,,2020-08-25,,旭悦,毛外套,操作中
Q4,OLJ0351LL,,600,,,2019-12-20,,2019-12-20,,2/13,,7/25,,2020-08-25,,旭悦,毛外套,操作中
Q4,OPJS0351H,,180,,,2019-12-20,,2019-12-20,,2/13,,7/25,,2020-08-25,,旭悦,毛外套,操作中
Q4,OPJ0351LL,,180,,,2019-12-20,,2019-12-20,,2/13,,7/25,,2020-08-25,,旭悦,毛外套,操作中
Q4,OLJS0352H,,2040,,,2019-12-20,,2019-12-20,,2/13,,7/25,,2020-08-25,,旭悦,毛外套,操作中
Q4,OLJS0352LL,,720,,,2019-12-20,,2019-12-20,,2/13,,7/25,,2020-08-25,,旭悦,毛外套,操作中
Q4,OPJS0352LL,,240,,,2019-12-20,,2019-12-20,,2/13,,7/25,,2020-08-25,,旭悦,毛外套,操作中
Q4,OLJS0331H,,3900,,,2020-03-08,,2020-03-20,,4/5,,7/25,,2020-08-25,,尚上,化纤棉服,取消
Q4,OLJS0331LL,,720,,,2020-03-08,,2020-03-20,,4/5,,7/25,,2020-08-25,,尚上,化纤棉服,取消
Q4,OPJS0331LL,,240,,,2020-03-08,,2020-03-20,,4/5,,7/25,,2020-08-25,,尚上,化纤棉服,取消
Q4,OLA1233H,,3800,,,2020-03-08,,2020-03-20,,4/5,,7/25,,2020-08-25,,旭悦,化纤棉服,操作中
Q4,OLA1249H,,3000,,,2020-03-08,,2020-03-20,,4/5,,7/25,,2020-08-25,,旭悦,化纤棉服,操作中
Q4,OLA501,,2913,,,2020-02-05,,2020-03-15,,6/18,,7/25,,2020-08-25,,苏徽,毛呢大衣,操作中
Q4,OPA501,,1200,,,2020-02-05,,2020-03-15,,6/18,,7/25,,2020-08-25,,苏徽,毛呢大衣,操作中
Q4,OLA1369LL,,2412,,,2020-02-05,,2020-03-15,,6/18,,7/25,,2020-08-25,,苏徽,毛呢大衣,操作中
Q4,OPA1369LL,,1800,,,2020-02-05,,2020-03-15,,6/18,,7/25,,2020-08-25,,苏徽,毛呢大衣,操作中
Q4,OLA1334LL,,1440,,,2020-02-05,,2020-03-20,,6/18,,7/25,,2020-08-25,,苏徽,毛呢大衣,操作中
Q4,OPA1334LL,,378,,,2020-02-05,,2020-03-20,,6/18,,7/25,,2020-08-25,,苏徽,毛呢大衣,操作中
Q4,OLA1370LL,,2010,,,2020-02-05,,2020-03-20,,6/18,,7/25,,2020-08-25,,琴梓墨,毛呢大衣,操作中
Q4,OPA1370LL,,1500,,,2020-02-05,,2020-03-20,,6/18,,7/25,,2020-08-25,,琴梓墨,毛呢大衣,操作中
Q4,OLA1363LL,,3400,,,2020-03-15,,2020-03-20,,4/10,,7/25,,2020-08-25,,旭悦,毛棉服,操作中
Q4,OPA1363LL,,2052,,,2020-03-15,,2020-03-20,,4/10,,7/25,,2020-08-25,,旭悦,毛棉服,操作中
Q4,OLA1416DL,,288,,,2020-03-15,,2020-03-20,,4/10,,7/25,,2020-08-25,,旭悦,毛棉服,操作中
Q4,OLA1416DL,,156,,,2020-03-15,,2020-03-20,,4/10,,7/25,,2020-08-25,,旭悦,毛棉服,操作中
Q4,OLA1362LL,,2760,,,2020-03-20,,2020-03-20,,6/15,,7/25,,2020-08-25,,杰达,毛外套,操作中
Q4,OPA1362LL,,780,,,2020-03-20,,2020-03-20,,6/15,,7/25,,2020-08-25,,杰达,毛外套,操作中
Q4,OLA1171LL,,2400,,,2020-03-20,,2020-03-20,,6/20,,7/25,,2020-08-25,,琴梓墨,毛外套,操作中
Q4,OPA1171LL,,600,,,2020-03-20,,2020-03-20,,6/20,,7/25,,2020-08-25,,琴梓墨,毛外套,操作中
Q4,OLA1371LL,,960,,,2020-03-30,,2020-03-30,,6/15,,7/25,,2020-08-25,,旭悦,毛外套,操作中
Q4,OPA1371LL,,240,,,2020-03-30,,2020-03-30,,6/15,,7/25,,2020-08-25,,旭悦,毛外套,操作中
Q4,OLA1368LL,,2000,,,2020-03-10,,2020-03-10,,6/10,,7/25,,2020-08-25,,旭悦,毛外套,操作中
Q4,OPA1368LL,,1400,,,2020-03-10,,2020-03-10,,6/10,,7/25,,2020-08-25,,旭悦,毛外套,操作中
Q4,OLA1367LL,,1200,,,2020-03-20,,2020-03-20,,6/20,,7/25,,2020-08-25,,联权,毛外套,操作中
Q4,OPA1367LL,,360,,,2020-03-20,,2020-03-20,,6/20,,7/25,,2020-08-25,,联权,毛呢大衣,操作中
Q4,OLJ471G,,956,,,2020-03-25,,2020-04-20,,4/30,,7/25,,2020-08-25,,美罗涵,毛呢大衣,操作中
Q4,OLJ471G,,5580,,,2020-03-25,,2020-04-20,,4/30,,7/25,,2020-08-25,,美罗涵,毛呢大衣,操作中
Q4,OPJ471G,,360,,,2020-03-25,,2020-04-20,,4/30,,7/25,,2020-08-25,,美罗涵,毛呢大衣,操作中
Q4,OLJ478G,,310,,,2020-03-15,,2020-04-10,,6/18,,7/25,,2020-08-25,,苏徽,毛外套,操作中
RC,,"SMS26264(5""longer)",6000,2020-03-20,,2020-04-08,,2020-04-10,,4/30,,6/1,,2020-07-01,,悦成,针织外套,已出货
RC,,SMS26264,1200,2020-03-20,,2020-04-08,,2020-04-10,,4/30,,6/1,,2020-07-01,,悦成,针织外套,已出货
RC,,SMS26513,2400,2020-04-28,,2020-05-18,,2020-05-18,,6/5,,7/3,,2020-07-31,,悦成,仿皮裙,已出货
RC,,SMS26381(MISSY),9600,2020-04-15,,2020-04-18,,2020-04-20,,5/5,,6/26,,2020-07-24,,杰达新疆,仿皮外套,已出货
RC,,SMS26381(PETITE),1200,2020-04-15,,2020-04-18,,2020-04-20,,5/5,,6/26,,2020-07-24,,杰达新疆,仿皮外套,已出货
RC,,SMS26382,1800,2020-04-27,,2020-04-27,,2020-04-27,,5/25,,7/3,,2020-07-30,,芮影,仿皮外套,已出货
RC,,SMS26617,1800,2020-05-18,,2020-05-18,,2020-05-18,,5/25,,7/3,,2020-07-31,,杰达,仿皮外套,已出货
RC,,SMS26602,1200,2020-05-18,,2020-05-18,,2020-05-18,,5/25,,7/6,,2020-08-20,,旭悦,仿皮外套,已出货
RC,,SMS26598,1200,2020-05-18,,2020-05-18,,2020-05-18,,5/30,,7/1,,2020-07-31,,旭悦,仿皮裙,取消
RC,,SMS26600,2400,2020-05-20,,2020-05-20,,2020-05-20,,6/5,,7/1,,2020-07-31,,旭悦,仿皮裙,取消
RC,,SMS26368,1600,2020-04-27,,2020-04-27,,2020-04-27,,5/22,,6/21,,2020-07-20,,芮影,仿皮外套,已出货
RC,,SMS26409,1200,2020-05-05,,2020-05-05,,2020-05-05,,5/22,,6/21,,2020-07-20,,芮影,仿皮外套,已出货
RC,,SMS26369A,1200,2020-05-05,,2020-05-05,,2020-05-05,,5/22,,6/21,,2020-07-20,,芮影,仿皮外套,已出货
RC,,SMS26516,1200,2020-05-05,,2020-05-07,,2020-05-07,,5/25,,6/21,,2020-07-20,,悦成,仿皮裙,已出货
RC,,SMS26507,1600,2020-05-05,,2020-05-05,,2020-05-05,,5/21,,6/21,,2020-07-20,,蕊思,仿皮裙,已出货
RC,,SMS26519,1800,2020-05-05,,2020-05-05,,2020-05-05,,5/21,,6/21,,2020-07-20,,悦成,梭织裤子,已出货
RC,,SMS26174(petite),600,2020-04-15,,2020-04-15,,2020-04-15,,5/5,,6/1,,2020-07-01,,江阴名流,针织外套,已出货
RC,,SMS26174(missy),4800,2020-04-15,,2020-04-15,,2020-04-15,,5/5,,6/1,,2020-07-01,,江阴名流,针织外套,已出货
RC,,SMS26174(women),1800,2020-04-15,,2020-04-15,,2020-04-15,,5/5,,6/1,,2020-07-01,,江阴名流,针织外套,已出货
RC,,SMS26174(missy),10800,2020-06-25,,2020-06-25,,2020-06-25,,7/20,,9/6,,2020-10-20,,江阴名流,针织外套,操作中
RC,,SMS26536(DL1223),3600,2020-05-15,,2020-05-15,,2020-05-15,,6/10,,7/3,,2020-07-31,,苏徽,毛外套,已出货
RC,,SMS26419,1800,2020-05-15,,2020-05-20,,2020-05-20,,6/10,,7/3,,2020-07-31,,苏徽,毛外套,已出货
RC,,DL1222,1200,2020-05-25,,2020-05-25,,2020-05-25,,6/15,,7/18,,2020-09-01,,蕊思,毛外套,操作中
RC,,SMS26525,1800,2020-05-20,,2020-05-20,,2020-05-20,,6/20,,7/14,,2020-08-14,,芮影,仿皮外套,操作中
RC,,DL1281,10638,2020-05-20,,2020-05-20,,2020-05-20,,6/30,,8/2,,2020-08-31,,芮影,仿皮外套,操作中
TWISTED SISTER,GINNY,,1200,2020-03-25,,2020-03-25,,2020-03-25,,5/30,,6/30,,,,苏徽,毛外套,操作中
TWISTED SISTER,GINNY,,600,2020-03-25,,2020-03-25,,2020-03-25,,5/30,,6/30,,,,苏徽,毛外套,操作中
TWISTED SISTER,GINNY,,800,2020-03-25,,2020-03-25,,2020-03-25,,5/30,,6/30,,,,苏徽,毛外套,操作中
TWISTED SISTER,BAMBI,,1200,2020-04-10,,2020-04-10,,2020-04-10,,5/15,,6/15,,,,格麻丝,毛外套,操作中
TWISTED SISTER,PLUTO MAC,,400,2020-04-20,,2020-04-20,,2020-04-20,,5/20,,6/15,,,,苏徽外发厂,毛外套,操作中
TWISTED SISTER,PLUTON MAC,,300,2020-04-20,,2020-04-20,,2020-04-20,,5/20,,6/15,,,,苏徽外发厂,毛外套,操作中
TWISTED SISTER,PLUTON MAC,,300,2020-04-20,,2020-04-20,,2020-04-20,,5/20,,6/15,,,,苏徽外发厂,毛外套,操作中
TWISTED SISTER,SUFFOLK,,900,,,,,2020-05-26,,6/15,,7/22,,,,芮影,梭织外套,操作中
TWISTED SISTER,SUFFOLK,,300,,,,,2020-05-26,,6/15,,8/25,,,,芮影,梭织外套,操作中
,OLA1244H,,2250,,,2020-03-25,,2020-03-25,,6/15,,7/15,,,,琴梓墨,化纤外套,操作中